Workbook

Sheet Mesures
B1: Puissance moyenne W | C1: Courant mA | D1: Tension d'alimentation V
A2: Feather M0 + RTC | B2: 0.097 | C2: =(10^3)*B2/D2 -> 19.4 | D2: 5
A3: Feather + RTC + RFID allumée au repos | B3: 0.18 | C3: =(10^3)*B3/D3 -> 36 | D3: 5
A4: Feather + RTC + RFID en acquisition | B4: 0.22 | C4: =(10^3)*B4/D4 -> 44 | D4: 5
A5: Powerboost +Feather + RTC | B5: =C5*D5*10^-3 -> 0.09828 | C5: 27.3 | D5: 3.6
A6: Powerboost +Feather + RTC + Regulateur5V | B6: =C6*D6*10^-3 -> 0.1224 | C6: 34 | D6: 3.6
A7: Powerboost +Feather + RTC + Regulateur5V + 2 Récep IR | B7: =C7*D7*10^-3 -> 0.1368 | C7: 38 | D7: 3.6
A8: Powerboost +Feather + RTC + Regulateur5V + 2 récepteurs + 1 LED IR pulsé | B8: =C8*D8*10^-3 -> 0.1566 | C8: 43.5 | D8: 3.6
A9: Powerboost +Feather + RTC + Regulateur5V + 2 récepteurs + 2 LED IR pulsé | B9: =C9*D9*10^-3 -> 0.1764 | C9: 49 | D9: 3.6
A10: Powerboost +Feather + RTC + 2 IR + Regulateur5v + RFID au repos | B10: 0.26 | C10: =(10^3)*B10/D10 -> 72.222222 | D10: 3.6
A11: Powerboost +Feather + RTC + 2 IR + Regulateur5v + RFID en aquisition | B11: 0.38 | C11: =(10^3)*B11/D11 -> 105.55556 | D11: 3.6

Sheet Bilan
A1: Colonne1 | B1: Puissance moy dissipée W | C1: Courant mA moyen | D1: Voltage Alim
A2: Feather M0 + RTC | B2: =Tableau1[[#This Row],[Courant mA moyen]]*Tableau1[[#This Row],[Voltage Alim]]*10^-3 -> 0.097 | C2: =Mesures!C2 -> 19.4 | D2: 5
A3: RFID allumée au repos | B3: =Tableau1[[#This Row],[Courant mA moyen]]*Tableau1[[#This Row],[Voltage Alim]]*10^-3 -> 0.083 | C3: =Mesures!C3-Mesures!C2 -> 16.6 | D3: 5
A4: RFID en acquisition | B4: =Tableau1[[#This Row],[Courant mA moyen]]*Tableau1[[#This Row],[Voltage Alim]]*10^-3 -> 0.123 | C4: =Mesures!C4-Mesures!C2 -> 24.6 | D4: 5
A5: Powerboost | B5: =Tableau1[[#This Row],[Courant mA moyen]]*Tableau1[[#This Row],[Voltage Alim]]*10^-3 -> 0 | D5: 3.6
A6: Régulateur 5V | B6: =Tableau1[[#This Row],[Courant mA moyen]]*Tableau1[[#This Row],[Voltage Alim]]*10^-3 -> 0.02412 | C6: =Mesures!C6-Mesures!C5 -> 6.7 | D6: 3.6
A7: 2 récepteur IR | B7: =Tableau1[[#This Row],[Courant mA moyen]]*Tableau1[[#This Row],[Voltage Alim]]*10^-3 -> 0.0144 | C7: =Mesures!C7-Mesures!C6 -> 4 | D7: 3.6
A8: 1 Emetteur IR pulsé 36kHz | B8: =Tableau1[[#This Row],[Courant mA moyen]]*Tableau1[[#This Row],[Voltage Alim]]*10^-3 -> 0.0198 | C8: =Mesures!C8-Mesures!C7 -> 5.5 | D8: 3.6
A9: 2 Emetteur IR pulsé 36kHz | B9: =Tableau1[[#This Row],[Courant mA moyen]]*Tableau1[[#This Row],[Voltage Alim]]*10^-3 -> 0.0396 | C9: =Mesures!C9-Mesures!C7 -> 11 | D9: 3.6
A10: RFID au repos | B10: =Tableau1[[#This Row],[Courant mA moyen]]*Tableau1[[#This Row],[Voltage Alim]]*10^-3 -> 0.0836 | C10: =Mesures!C10-Mesures!C9 -> 23.222222 | D10: 3.6
A11: RFID en acquisition | B11: =Tableau1[[#This Row],[Courant mA moyen]]*Tableau1[[#This Row],[Voltage Alim]]*10^-3 -> 0.2036 | C11: =Mesures!C11-Mesures!C9 -> 56.555556 | D11: 3.6
A12: Total | B12: =SUBTOTAL(109,Tableau1[Puissance moy dissipée W]) -> 0.38512 | C12: =SUBTOTAL(109,Tableau1[Courant mA moyen]) -> 106.97778
A14: *Mesure puissance de l'acquisition RFID sur 6,8sec (10 Lectures)
